"","sgUF","txNomeParlamentar","total.passageiros","total.vlrLiquido","gasto.medio.bilhete","quantidade.bilhetes"
"1","PR","CHRISTIANE DE SOUZA YARED",35,55541.78,500.376396396396,111
"2","SP","PAULO PEREIRA DA SILVA",35,89020.81,669.329398496241,133
"3","SP","MARCIO ALVINO",32,56034.19,441.214094488189,127
"4","PR","ALEX CANZIANI",31,85424.75,373.03384279476,229
"5","RJ","LEONARDO PICCIANI",25,129185.17,916.206879432624,141
"6","PA","EDMILSON RODRIGUES",24,74286.06,905.92756097561,82
"7","RN","ROGÉRIO MARINHO",23,62844.62,641.271632653061,98
"8","PR","ALIEL MACHADO",22,29539.95,410.277083333333,72
"9","PE","MARINALDO ROSENDO",21,65242.43,370.695625,176
"10","SP","EVANDRO GUSSI",19,65981.71,578.786929824561,114
"11","MT","SÁGUAS MORAES",18,30509.73,367.587108433735,83
"12","RS","PAULO PIMENTA",18,46430.23,892.889038461539,52
"13","SP","PAULO FREIRE",18,66086.59,508.358384615385,130
"14","RS","ONYX LORENZONI",17,99826.11,988.377326732673,101
"15","SP","TIRIRICA",17,51975.93,1181.27113636364,44
"16","PE","LUCIANA SANTOS",16,32452.24,612.30641509434,53
"17","RJ","CLARISSA GAROTINHO",16,62167.67,714.57091954023,87
"18","RJ","CRISTIANE BRASIL",16,41413.35,460.148333333333,90
"19","RJ","MARCELO MATOS",16,60272.73,568.610660377358,106
"20","RO","MARINHA RAUPP",16,58787.88,1049.78357142857,56
"21","RS","HENRIQUE FONTANA",16,75387.95,866.52816091954,87
"22","RS","PEPE VARGAS",16,67786.48,968.378285714286,70
"23","AL","MAURÍCIO QUINTELLA LESSA",15,32452.19,438.543108108108,74
"24","BA","JORGE SOLLA",15,28916.82,385.5576,75
"25","MG","MARGARIDA SALOMÃO",15,57211.05,589.804639175258,97
"26","PA","BETO FARO",15,58547.89,579.682079207921,101
"27","RS","JOSE STÉDILE",15,41672.02,969.116744186046,43
"28","RS","MARCON",15,55485.73,739.809733333333,75
"29","SC","DÉCIO LIMA",15,20222.82,594.788823529412,34
"30","SP","VICENTINHO",15,52521.69,772.377794117647,68
"31","AM","ARTHUR VIRGÍLIO BISNETO",14,37490.85,815.01847826087,46
"32","BA","SÉRGIO BRITO",14,47734.79,497.237395833333,96
"33","MG","SUBTENENTE GONZAGA",14,37849.95,600.792857142857,63
"34","MG","WADSON RIBEIRO",14,31778.27,512.552741935484,62
"35","PE","FERNANDO MONTEIRO",14,46326.59,409.96982300885,113
"36","PE","MENDONÇA FILHO",14,34168.91,488.127285714286,70
"37","AC","LEO DE BRITO",13,48018.78,1091.33590909091,44
"38","AM","MARCOS ROTTA",13,31751.53,512.121451612903,62
"39","CE","LUIZIANNE LINS",13,33561.57,780.501627906977,43
"40","PR","SERGIO SOUZA",13,80078.65,457.592285714286,175
"41","RJ","JEAN WYLLYS",13,29398.1,599.961224489796,49
"42","RJ","MARCOS SOARES",13,40146.8,1115.18888888889,36
"43","SC","ANGELA ALBINO",13,36392.81,713.584509803921,51
"44","SC","RONALDO BENEDET",13,38401.41,339.835486725664,113
"45","AC","JÉSSICA SALES",12,53589.02,1050.76509803922,51
"46","AC","ROCHA",12,61576.51,1099.58053571429,56
"47","CE","MOSES RODRIGUES",12,35210.35,475.81554054054,74
"48","CE","ODORICO MONTEIRO",12,47855.58,674.022253521127,71
"49","CE","RONALDO MARTINS",12,20977.98,395.810943396226,53
"50","RR","HIRAN GONÇALVES",12,43969.74,697.932380952381,63
"51","RS","AFONSO HAMM",12,91624.24,925.497373737374,99
"52","RS","JOÃO DERLY",12,34999.29,636.350727272727,55
"53","RS","MARCO MAIA",12,59882.47,1050.56964912281,57
"54","RS","SÉRGIO MORAES",12,92837.41,1221.54486842105,76
"55","SC","MAURO MARIANI",12,53355.41,498.648691588785,107
"56","SP","ALEXANDRE LEITE",12,76061.52,905.494285714286,84
"57","SP","BRUNA FURLAN",12,73040.48,689.061132075472,106
"58","SP","MARA GABRILLI",12,20639.79,368.567678571429,56
"59","SP","PR. MARCO FELICIANO",12,65784.31,522.097698412698,126
"60","AP","CABUÇU BORGES",11,23766.85,344.447101449275,69
"61","BA","ANTONIO BRITO",11,44269.72,325.512647058824,136
"62","BA","BEBETO",11,25171.76,359.596571428571,70
"63","CE","CHICO LOPES",11,37331.28,654.934736842105,57
"64","MG","LEONARDO MONTEIRO",11,65000.84,684.219368421053,95
"65","MG","REGINALDO LOPES",11,38762.25,635.446721311475,61
"66","PE","TADEU ALENCAR",11,34985.64,406.80976744186,86
"67","PR","DIEGO GARCIA",11,43246.84,576.624533333333,75
"68","RJ","ALEXANDRE VALLE",11,34022.21,523.418615384615,65
"69","RJ","CHICO ALENCAR",11,30375.97,706.417906976744,43
"70","RS","NELSON MARCHEZAN JUNIOR",11,70058.45,619.986283185841,113
"71","SP","WILLIAM WOO",11,39033.03,709.691454545455,55
"72","AP","ROBERTO GÓES",10,29588.56,389.323157894737,76
"73","MG","GABRIEL GUIMARÃES",10,55680.14,506.183090909091,110
"74","PB","HUGO MOTTA",10,28785.26,496.297586206897,58
"75","RJ","SÓSTENES CAVALCANTE",10,22700.04,354.688125,64
"76","RJ","WASHINGTON REIS",10,47780.92,508.307659574468,94
"77","RS","DANRLEI DE DEUS HINTERHOLZ",10,50607.27,595.379647058823,85
"78","SP","MARCELO SQUASSONI",10,53392.55,889.875833333333,60
"79","SP","RENATA ABREU",10,44844.69,582.398571428571,77
"80","BA","AFONSO FLORENCE",9,27837.12,488.370526315789,57
"81","BA","IRMÃO LAZARO",9,17470.12,317.638545454545,55
"82","CE","JOSÉ GUIMARÃES",9,28543.47,731.883846153846,39
"83","MA","WEVERTON ROCHA",9,15268.32,565.493333333333,27
"84","MG","ADELMO CARNEIRO LEÃO",9,33569.44,578.783448275862,58
"85","MG","BONIFÁCIO DE ANDRADA",9,55839.29,558.3929,100
"86","MG","SARAIVA FELIPE",9,52057.34,598.360229885057,87
"87","MS","VANDER LOUBET",9,30412.25,515.46186440678,59
"88","MT","NILSON LEITÃO",9,71127.38,592.728166666667,120
"89","PA","HÉLIO LEITE",9,25023.27,320.811153846154,78
"90","PR","MARCELO BELINATI",9,38126.7,811.206382978723,47
"91","RJ","DR. JOÃO",9,43219.55,584.047972972973,74
"92","RJ","HUGO LEAL",9,42790.49,807.367735849057,53
"93","RJ","INDIO DA COSTA",9,38945.42,865.453777777778,45
"94","RS","GIOVANI CHERINI",9,30090.85,510.014406779661,59
"95","RS","JOSÉ OTÁVIO GERMANO",9,35504.22,529.913731343284,67
"96","RS","OSMAR TERRA",9,39600.83,860.887608695652,46
"97","SP","ANA PERUGINI",9,31849.73,692.385434782609,46
"98","SP","DR. SINVAL MALHEIROS",9,41750.69,345.047024793388,121
"99","SP","ELI CORRÊA FILHO",9,45514.42,583.518205128205,78
"100","SP","GUILHERME MUSSI",9,73235.77,678.108981481481,108
"101","SP","VITOR LIPPI",9,35772.56,596.209333333333,60
"102","TO","LÁZARO BOTELHO",9,56557.02,589.135625,96
"103","AC","ANGELIM",8,42647.61,888.491875,48
"104","AC","SIBÁ MACHADO",8,34080.18,1420.0075,24
"105","AM","HISSA ABRAHÃO",8,38968.82,865.973777777778,45
"106","AP","MARCOS REATEGUI",8,22111.37,597.604594594595,37
"107","BA","ALICE PORTUGAL",8,33777.75,444.444078947368,76
"108","CE","VICENTE ARRUDA",8,37041.78,561.239090909091,66
"109","MG","EDUARDO BARBOSA",8,36356.48,526.905507246377,69
"110","MG","PADRE JOÃO",8,33070.06,570.173448275862,58
"111","MT","TAMPINHA",8,21330.25,444.380208333333,48
"112","MT","VALTENIR PEREIRA",8,52949.33,464.467807017544,114
"113","PA","JOAQUIM PASSARINHO",8,46661.63,496.400319148936,94
"114","PA","WLADIMIR COSTA",8,63985.83,789.948518518519,81
"115","PE","JARBAS VASCONCELOS",8,38242.25,562.386029411765,68
"116","PI","PAES LANDIM",8,67090.1,729.240217391304,92
"117","RJ","FERNANDO JORDÃO",8,39051.47,600.791846153846,65
"118","RJ","ZÉ AUGUSTO NALIN",8,28306.78,658.297209302326,43
"119","RO","LUCIO MOSQUINI",8,34937.45,743.35,47
"120","RS","HEITOR SCHUCH",8,31339.68,728.82976744186,43
"121","RS","MARIA DO ROSÁRIO",8,46132.94,1002.89,46
"122","SC","ESPERIDIÃO AMIN",8,56704.63,436.189461538462,130
"123","SE","ANDRE MOURA",8,49013.63,405.07132231405,121
"124","SP","ARLINDO CHINAGLIA",8,52188.73,984.693018867925,53
"125","SP","GILBERTO NASCIMENTO",8,29618.39,442.06552238806,67
"126","AC","FLAVIANO MELO",7,59515.54,1166.97137254902,51
"127","AM","ÁTILA LINS",7,35918.99,1330.33296296296,27
"128","BA","ERIVELTON SANTANA",7,30976.55,543.448245614035,57
"129","MA","SARNEY FILHO",7,23233.98,663.828,35
"130","MG","JÔ MORAES",7,77343.54,522.591486486486,148
"131","PA","JÚLIA MARINHO",7,38643.7,788.64693877551,49
"132","PA","NILSON PINTO",7,28167.46,599.307659574468,47
"133","PB","LUIZ COUTO",7,21239.41,624.688529411765,34
"134","PE","EDUARDO DA FONTE",7,47100.41,529.218089887641,89
"135","PE","GONZAGA PATRIOTA",7,17361.19,361.691458333333,48
"136","PE","JOÃO FERNANDO COUTINHO",7,22451.77,380.538474576271,59
"137","PI","JÚLIO CESAR",7,43097.09,897.856041666667,48
"138","PR","LEANDRE",7,26601.61,391.200147058824,68
"139","PR","LUIZ CARLOS HAULY",7,50866.41,635.830125,80
"140","PR","OSMAR SERRAGLIO",7,31875.97,590.295740740741,54
"141","RJ","JANDIRA FEGHALI",7,61875.95,997.999193548387,62
"142","RJ","MARQUINHO MENDES",7,34389.62,361.996,95
"143","RN","RAFAEL MOTTA",7,34135.35,379.281666666667,90
"144","RS","LUIZ CARLOS BUSATO",7,66864.29,928.670694444444,72
"145","SC","EDINHO BEZ",7,20727.21,518.18025,40
"146","SC","PEDRO UCZAI",7,38651.67,544.389718309859,71
"147","AL","PAULÃO",6,27498.26,458.304333333333,60
"148","BA","MOEMA GRAMACHO",6,21052.56,284.494054054054,74
"149","CE","GENECIAS NORONHA",6,30265.38,560.47,54
"150","CE","JOSÉ AIRTON CIRILO",6,26509.03,602.477954545455,44
"151","CE","MACEDO",6,12010.27,706.486470588235,17
"152","ES","GIVALDO VIEIRA",6,33580.01,633.585094339623,53
"153","GO","JOVAIR ARANTES",6,7795.07,410.266842105263,19
"154","MA","ELIZIANE GAMA",6,35440.98,571.628709677419,62
"155","MA","RUBENS PEREIRA JÚNIOR",6,23870.22,568.338571428571,42
"156","MA","ZÉ CARLOS",6,28014.34,383.758082191781,73
"157","MG","FÁBIO RAMALHO",6,77305.86,750.542330097087,103
"158","MG","LAUDIVIO CARVALHO",6,25965.98,683.315263157895,38
"159","MG","RODRIGO PACHECO",6,29404.52,392.060266666667,75
"160","PE","AUGUSTO COUTINHO",6,32811.13,431.725394736842,76
"161","PI","MAIA FILHO",6,26629.15,1024.19807692308,26
"162","RJ","ALESSANDRO MOLON",6,74713.93,644.085603448276,116
"163","RJ","DELEY",6,38904.3,637.775409836066,61
"164","RJ","JAIR BOLSONARO",6,44015.11,978.113555555556,45
"165","RN","BETO ROSADO",6,35975.25,599.5875,60
"166","SE","LAERCIO OLIVEIRA",6,23874.07,378.953492063492,63
"167","SP","ANTONIO CARLOS MENDES THAME",6,56003.64,756.805945945946,74
"168","SP","BRUNO COVAS",6,31278.01,781.95025,40
"169","SP","CARLOS SAMPAIO",6,68825.44,668.208155339806,103
"170","SP","FLAVINHO",6,22280.5,297.073333333333,75
"171","SP","JEFFERSON CAMPOS",6,25673.78,583.495,44
"172","SP","KEIKO OTA",6,37429.56,680.537454545454,55
"173","SP","MIGUEL HADDAD",6,48632.39,398.626147540984,122
"174","SP","NILTO TATTO",6,31087.73,535.995344827586,58
"175","TO","DULCE MIRANDA",6,58418.59,822.797042253521,71
"176","AL","JHC",5,28410.84,507.336428571429,56
"177","AL","PEDRO VILELA",5,45008.76,500.097333333333,90
"178","AM","PAUDERNEY AVELINO",5,35142.1,540.647692307692,65
"179","BA","CACÁ LEÃO",5,30645.14,356.338837209302,86
"180","BA","DAVIDSON MAGALHÃES",5,28047.96,269.691923076923,104
"181","BA","MÁRCIO MARINHO",5,25081.68,418.028,60
"182","BA","VALMIR ASSUNÇÃO",5,40487.78,499.849135802469,81
"183","CE","VITOR VALIM",5,24449.93,543.331777777778,45
"184","ES","LELO COIMBRA",5,34309.06,779.751363636364,44
"185","MA","PEDRO FERNANDES",5,25984.57,564.881956521739,46
"186","MG","BRUNNY",5,41693.17,651.45578125,64
"187","MG","MARCOS MONTES",5,19025.67,543.590571428571,35
"188","MG","RAQUEL MUNIZ",5,81277.94,630.061550387597,129
"189","MS","ZECA DO PT",5,28946.24,499.073103448276,58
"190","PA","SIMONE MORGADO",5,28543.64,792.878888888889,36
"191","PE","FERNANDO COELHO FILHO",5,43969.9,488.554444444444,90
"192","PE","KAIO MANIÇOBA",5,25931.86,463.068928571429,56
"193","PE","ZECA CAVALCANTI",5,24316.1,392.195161290323,62
"194","PI","HERÁCLITO FORTES",5,18000.91,750.037916666667,24
"195","PR","ALFREDO KAEFER",5,91103.25,690.176136363636,132
"196","PR","ENIO VERRI",5,30817.9,570.701851851852,54
"197","PR","JOÃO ARRUDA",5,51213.22,517.305252525253,99
"198","PR","ROSSONI",5,15758.74,375.208095238095,42
"199","RJ","CHICO D'ANGELO",5,25636.89,582.656590909091,44
"200","RJ","EZEQUIEL TEIXEIRA",5,36763.59,706.992115384615,52
"201","RJ","WILSON BESERRA",5,38171.07,694.019454545455,55
"202","RN","FÁBIO FARIA",5,21195.12,399.907924528302,53
"203","RR","EDIO LOPES",5,75261.52,792.22652631579,95
"204","RS","AFONSO MOTTA",5,52281.24,736.355492957746,71
"205","RS","JERÔNIMO GOERGEN",5,57882.51,1071.89833333333,54
"206","RS","JOSÉ FOGAÇA",5,30710.16,1228.4064,25
"207","SC","GEOVANIA DE SÁ",5,25993.32,464.166428571429,56
"208","SC","JOÃO RODRIGUES",5,35555.84,582.88262295082,61
"209","SC","MARCO TEBALDI",5,25101.4,492.18431372549,51
"210","SC","ROGÉRIO PENINHA MENDONÇA",5,18047.34,334.21,54
"211","SP","HERCULANO PASSOS",5,32331.84,538.864,60
"212","SP","IVAN VALENTE",5,32164.77,918.993428571429,35
"213","SP","JORGE TADEU MUDALEN",5,13658.25,718.855263157895,19
"214","SP","MIGUEL LOMBARDI",5,39301.06,441.584943820225,89
"215","SP","PAULO MALUF",5,36822.7,708.128846153846,52
"216","SP","PAULO TEIXEIRA",5,48662.24,685.383661971831,71
"217","SP","RICARDO IZAR",5,26396.19,910.213448275862,29
"218","TO","PROFESSORA DORINHA SEABRA REZENDE",5,16443.69,328.8738,50
"219","AL","GIVALDO CARIMBÃO",4,24374.5,435.258928571429,56
"220","AL","RONALDO LESSA",4,10706.1,465.482608695652,23
"221","AP","JANETE CAPIBERIBE",4,18053.95,582.385483870968,31
"222","AP","JOZI ARAÚJO",4,11441.79,544.847142857143,21
"223","BA","DANIEL ALMEIDA",4,45573.14,569.66425,80
"224","BA","RONALDO CARLETTO",4,37770.89,444.363411764706,85
"225","BA","TIA ERON",4,20817.2,330.431746031746,63
"226","BA","ULDURICO JUNIOR",4,30186.58,457.372424242424,66
"227","BA","WALDENOR PEREIRA",4,28000.26,333.336428571429,84
"228","CE","ARNON BEZERRA",4,27575.79,313.36125,88
"229","CE","DOMINGOS NETO",4,16323.86,510.120625,32
"230","CE","RAIMUNDO GOMES DE MATOS",4,31917.21,523.232950819672,61
"231","MG","CARLOS MELLES",4,39319.7,569.850724637681,69
"232","MG","DÂMINA PEREIRA",4,19706.56,505.29641025641,39
"233","MG","MARCELO ÁLVARO ANTÔNIO",4,27580.21,530.388653846154,52
"234","MG","PAULO ABI-ACKEL",4,33513.48,435.24,77
"235","MG","SILAS BRASILEIRO",4,17068.24,632.157037037037,27
"236","MG","ZÉ SILVA",4,34601.8,678.466666666667,51
"237","MS","MANDETTA",4,56822.2,737.950649350649,77
"238","MT","ADILTON SACHETTI",4,21057.94,779.923703703704,27
"239","PA","ELCIONE BARBALHO",4,16232.21,477.417941176471,34
"240","PI","SILAS FREIRE",4,30495.45,648.839361702128,47
"241","PR","NELSON PADOVANI",4,19958.88,767.649230769231,26
"242","PR","TONINHO WANDSCHEER",4,18894.37,337.399464285714,56
"243","RJ","AUREO",4,43991.3,467.992553191489,94
"244","RJ","CABO DACIOLO",4,27252,778.628571428571,35
"245","RJ","FELIPE BORNIER",4,118024.11,837.050425531915,141
"246","RJ","LUIZ SÉRGIO",4,69678.25,669.983173076923,104
"247","RJ","WADIH DAMOUS",4,72487.51,833.189770114942,87
"248","RN","FELIPE MAIA",4,29952.52,576.01,52
"249","RN","ZENAIDE MAIA",4,38976.27,469.593614457831,83
"250","RR","CARLOS ANDRADE",4,43128.69,695.624032258065,62
"251","RS","ALCEU MOREIRA",4,25611.54,609.798571428571,42
"252","RS","BOHN GASS",4,56580.94,992.648070175439,57
"253","RS","CARLOS GOMES",4,36284.15,772.003191489362,47
"254","RS","POMPEO DE MATTOS",4,26900.86,572.358723404255,47
"255","SC","CARMEN ZANOTTO",4,26040.44,566.09652173913,46
"256","SE","JOÃO DANIEL",4,38387.33,404.077157894737,95
"257","SP","ALEX MANENTE",4,17797.39,423.747380952381,42
"258","SP","CELSO RUSSOMANNO",4,22488.16,681.459393939394,33
"259","SP","JOÃO PAULO PAPA",4,29478.13,614.127708333333,48
"260","SP","LUIZA ERUNDINA",4,28073.04,905.581935483871,31
"261","TO","VICENTINHO JÚNIOR",4,17060.76,631.88,27
"262","AC","CÉSAR MESSIAS",3,40294.23,1343.141,30
"263","AL","CÍCERO ALMEIDA",3,29737.31,381.247564102564,78
"264","AM","CONCEIÇÃO SAMPAIO",3,27668.53,892.533225806452,31
"265","AP","PROFESSORA MARCIVANIA",3,8431.18,495.951764705882,17
"266","BA","CAETANO",3,28175.38,512.279636363636,55
"267","BA","JOÃO GUALBERTO",3,3662.14,523.162857142857,7
"268","BA","JOSÉ ROCHA",3,28282.93,487.636724137931,58
"269","BA","LUCIO VIEIRA LIMA",3,22003.21,536.663658536585,41
"270","CE","DANILO FORTE",3,30283.55,540.777678571429,56
"271","ES","DR. JORGE SILVA",3,13177.77,411.8053125,32
"272","ES","MARCUS VICENTE",3,30733.61,569.140925925926,54
"273","MA","ALBERTO FILHO",3,38478.7,687.119642857143,56
"274","MA","ALUISIO MENDES",3,27939.6,517.4,54
"275","MA","ANDRÉ FUFUCA",3,41883.13,475.944659090909,88
"276","MA","JUNIOR MARRECA",3,29974.34,788.798421052632,38
"277","MG","ADEMIR CAMILO",3,43347.74,401.367962962963,108
"278","MG","AELTON FREITAS",3,9986.88,399.4752,25
"279","MG","CAIO NARCIO",3,34400.71,731.93,47
"280","MG","DIEGO ANDRADE",3,72586.15,684.775,106
"281","MG","DIMAS FABIANO",3,9157.85,915.785,10
"282","MG","LEONARDO QUINTÃO",3,20396.66,566.573888888889,36
"283","MG","LINCOLN PORTELA",3,33051.12,550.852,60
"284","MG","LUIS TIBÉ",3,40461.62,578.023142857143,70
"285","MG","RENZO BRAZ",3,28258.98,554.097647058824,51
"286","MG","STEFANO AGUIAR",3,31985.33,743.84488372093,43
"287","MG","WELITON PRADO",3,38717.95,703.962727272727,55
"288","MS","DAGOBERTO",3,29362.72,652.504888888889,45
"289","MT","CARLOS BEZERRA",3,22814.26,495.962173913044,46
"290","PA","JOSÉ PRIANTE",3,41289.23,779.042075471698,53
"291","PA","LÚCIO VALE",3,49373.5,470.22380952381,105
"292","PA","ZÉ GERALDO",3,62952.87,767.717926829268,82
"293","PB","RÔMULO GOUVEIA",3,30260.97,720.499285714286,42
"294","PE","CARLOS EDUARDO CADOCA",3,34688.3,488.567605633803,71
"295","PE","DANIEL COELHO",3,22505.32,416.765185185185,54
"296","PE","PASTOR EURICO",3,20760.65,629.110606060606,33
"297","PI","ÁTILA LIRA",3,19078.12,908.481904761905,21
"298","PI","RODRIGO MARTINS",3,29217.13,635.155,46
"299","PR","ASSIS DO COUTO",3,19877.71,641.216451612903,31
"300","PR","EVANDRO ROMAN",3,48442.86,781.336451612903,62
"301","PR","PAULO MARTINS",3,19592.14,979.607,20
"302","RJ","BENEDITA DA SILVA",3,42004.51,750.080535714286,56
"303","RJ","JULIO LOPES",3,42683.49,1041.06073170732,41
"304","RJ","OTAVIO LEITE",3,39048,848.869565217391,46
"305","RN","WALTER ALVES",3,31710.58,495.4778125,64
"306","RO","NILTON CAPIXABA",3,37733.61,1019.8272972973,37
"307","RR","REMÍDIO MONAI",3,23985,773.709677419355,31
"308","RS","COVATTI FILHO",3,30526.15,847.948611111111,36
"309","RS","DARCÍSIO PERONDI",3,30290.34,977.107741935484,31
"310","RS","MAURO PEREIRA",3,56593.76,808.482285714286,70
"311","SC","CELSO MALDANER",3,47535.67,792.261166666667,60
"312","SC","VALDIR COLATTO",3,50024.42,543.743695652174,92
"313","SE","VALADARES FILHO",3,19405.78,346.531785714286,56
"314","SP","EDUARDO CURY",3,24261.37,782.624838709677,31
"315","SP","FAUSTO PINATO",3,34487.79,821.137857142857,42
"316","SP","JOSÉ MENTOR",3,59452.59,861.631739130435,69
"317","SP","MAJOR OLIMPIO",3,19221.44,600.67,32
"318","SP","VALMIR PRASCIDELLI",3,38022.56,792.136666666667,48
"319","TO","CÉSAR HALUM",3,2315.34,463.068,5
"320","TO","JOSI NUNES",3,8798.08,366.586666666667,24
"321","AL","MARX BELTRÃO",2,22374.19,466.128958333333,48
"322","AM","SILAS CÂMARA",2,20226.4,481.580952380952,42
"323","BA","JOÃO CARLOS BACELAR",2,30082.64,349.798139534884,86
"324","BA","ROBERTO BRITTO",2,28144.89,721.663846153846,39
"325","CE","ANÍBAL GOMES",2,36307.15,615.375423728814,59
"326","CE","GORETE PEREIRA",2,20029.67,392.73862745098,51
"327","ES","CARLOS MANATO",2,28037.54,572.194693877551,49
"328","ES","PAULO FOLETTO",2,16254.48,318.715294117647,51
"329","GO","ALEXANDRE BALDY",2,13559.38,645.684761904762,21
"330","MA","HILDO ROCHA",2,28782.11,599.627291666667,48
"331","MA","JOÃO CASTELO",2,19331.87,773.2748,25
"332","MA","WALDIR MARANHÃO",2,89794.77,767.476666666667,117
"333","MG","DOMINGOS SÁVIO",2,21652.37,470.703695652174,46
"334","MG","EROS BIONDINI",2,23061.61,480.450208333333,48
"335","MG","FRANKLIN LIMA",2,33278.17,665.5634,50
"336","MG","JÚLIO DELGADO",2,34240.96,543.507301587302,63
"337","MG","LUIZ FERNANDO FARIA",2,28457.51,547.259807692308,52
"338","MG","MARCUS PESTANA",2,12147.44,368.104242424242,33
"339","MG","MAURO LOPES",2,18891.81,699.696666666667,27
"340","MG","NEWTON CARDOSO JR",2,30402.29,596.123333333333,51
"341","MS","TEREZA CRISTINA",2,25957.48,603.662325581395,43
"342","PA","DELEGADO ÉDER MAURO",2,15900.36,387.813658536585,41
"343","PB","EFRAIM FILHO",2,21077.71,569.667837837838,37
"344","PB","MANOEL JUNIOR",2,29277.72,314.814193548387,93
"345","PB","VENEZIANO VITAL DO RÊGO",2,18333.43,679.015925925926,27
"346","PE","BETINHO GOMES",2,15308.41,392.523333333333,39
"347","PE","GUILHERME COELHO",2,4191.95,698.658333333333,6
"348","PE","RAUL JUNGMANN",2,28365.2,644.663636363636,44
"349","PE","SILVIO COSTA",2,30726.72,602.484705882353,51
"350","PE","WOLNEY QUEIROZ",2,34550.32,479.865555555556,72
"351","PR","EDMAR ARRUDA",2,18363.25,874.440476190476,21
"352","PR","FERNANDO FRANCISCHINI",2,27084.89,576.274255319149,47
"353","PR","LUCIANO DUCCI",2,32372.4,409.777215189873,79
"354","PR","TAKAYAMA",2,7156.14,511.152857142857,14
"355","RJ","ÁTILA A. NUNES",2,5450.58,778.654285714286,7
"356","RJ","ROBERTO SALES",2,10466.17,249.194523809524,42
"357","RJ","ROSANGELA GOMES",2,18539.16,487.872631578947,38
"358","RJ","SORAYA SANTOS",2,55774.24,697.178,80
"359","RO","LINDOMAR GARÇON",2,61215.2,913.659701492537,67
"360","RO","LUIZ CLÁUDIO",2,32544.59,904.016388888889,36
"361","RO","MARIANA CARVALHO",2,30880.28,1064.83724137931,29
"362","RS","LUIS CARLOS HEINZE",2,40377.23,859.09,47
"363","RS","RONALDO NOGUEIRA",2,33607.63,819.698292682927,41
"364","SC","JOÃO PAULO KLEINÜBING",2,6642.27,948.895714285714,7
"365","SC","JORGINHO MELLO",2,19131.64,425.147555555556,45
"366","SE","ADELSON BARRETO",2,34440.15,362.527894736842,95
"367","SE","FABIO REIS",2,16545.29,295.451607142857,56
"368","SP","BALEIA ROSSI",2,29789.33,458.297384615385,65
"369","SP","EDINHO ARAÚJO",2,23753.24,439.874814814815,54
"370","SP","LOBBE NETO",2,18913.04,540.372571428571,35
"371","SP","LUIZ LAURO FILHO",2,19107.36,415.377391304348,46
"372","SP","MARCELO AGUIAR",2,19009.77,760.3908,25
"373","SP","MILTON MONTI",2,31645.09,791.12725,40
"374","SP","SILVIO TORRES",2,35366.39,599.430338983051,59
"375","SP","VINICIUS CARVALHO",2,31739.24,440.822777777778,72
"376","AC","ALAN RICK",1,23369.13,667.689428571429,35
"377","AL","ARTHUR LIRA",1,46191.29,394.79735042735,117
"378","AP","ANDRÉ ABDON",1,7664.44,264.291034482759,29
"379","AP","VINICIUS GURGEL",1,30374.13,467.294307692308,65
"380","BA","ANTONIO IMBASSAHY",1,49494.81,678.011095890411,73
"381","BA","ARTHUR OLIVEIRA MAIA",1,17455,396.704545454545,44
"382","BA","BACELAR",1,20901.63,373.243392857143,56
"383","BA","BENITO GAMA",1,10598.68,441.611666666667,24
"384","BA","CLAUDIO CAJADO",1,36624.58,402.467912087912,91
"385","BA","ELMAR NASCIMENTO",1,32533.67,369.700795454545,88
"386","BA","FÉLIX MENDONÇA JÚNIOR",1,24252.03,299.407777777778,81
"387","BA","JOSÉ CARLOS ALELUIA",1,22010.29,489.117555555556,45
"388","BA","JOSÉ CARLOS ARAÚJO",1,28066.38,510.297818181818,55
"389","BA","JOSÉ NUNES",1,46452.67,400.454051724138,116
"390","BA","JUTAHY JUNIOR",1,17223.53,748.849130434783,23
"391","BA","MÁRIO NEGROMONTE JR.",1,19933.4,424.114893617021,47
"392","BA","PASTOR LUCIANO BRAGA",1,4875.69,325.046,15
"393","BA","PAULO AZI",1,20436.44,510.911,40
"394","BA","PAULO MAGALHÃES",1,16636.4,353.965957446809,47
"395","CE","ADAIL CARNEIRO",1,4137.69,517.21125,8
"396","CE","ANDRÉ FIGUEIREDO",1,753.41,376.705,2
"397","CE","ARIOSTO HOLANDA",1,13787.81,430.8690625,32
"398","CE","CABO SABINO",1,28035.74,438.0584375,64
"399","CE","LEÔNIDAS CRISTINO",1,14709.19,588.3676,25
"400","CE","MAURO BENEVIDES",1,2597.94,865.98,3
"401","CE","MORONI TORGAN",1,1750.89,583.63,3
"402","CE","PAULO HENRIQUE LUSTOSA",1,14072.16,541.236923076923,26
"403","DF","ALBERTO FRAGA",1,2389.77,597.4425,4
"404","ES","EVAIR VIEIRA DE MELO",1,30342.61,594.953137254902,51
"405","ES","MAX FILHO",1,34177.65,359.764736842105,95
"406","ES","SERGIO VIDIGAL",1,19036.61,528.794722222222,36
"407","GO","DANIEL VILELA",1,7788.81,865.423333333333,9
"408","GO","JOÃO CAMPOS",1,8049.39,804.939,10
"409","GO","LUCAS VERGILIO",1,1552,388,4
"410","GO","MARCOS ABRÃO",1,21660.3,380.005263157895,57
"411","GO","ROBERTO BALESTRA",1,4475.28,895.056,5
"412","GO","RUBENS OTONI",1,3678.68,1226.22666666667,3
"413","GO","SANDES JÚNIOR",1,6557.84,285.12347826087,23
"414","GO","THIAGO PEIXOTO",1,1676.84,558.946666666667,3
"415","MA","CLEBER VERDE",1,11510.83,719.426875,16
"416","MA","JOÃO MARCELO SOUZA",1,15654.74,782.737,20
"417","MA","JOSÉ REINALDO",1,23041.55,720.0484375,32
"418","MA","JUSCELINO FILHO",1,2420.1,484.02,5
"419","MA","VICTOR MENDES",1,7375.68,368.784,20
"420","MG","BILAC PINTO",1,30396.85,524.083620689655,58
"421","MG","DELEGADO EDSON MOREIRA",1,17463.14,563.327096774193,31
"422","MG","GEORGE HILTON",1,5319.61,759.944285714286,7
"423","MG","JAIME MARTINS",1,19084.84,545.281142857143,35
"424","MG","MÁRIO HERINGER",1,104662.89,752.970431654676,139
"425","MG","MISAEL VARELLA",1,13650.47,568.769583333333,24
"426","MG","NILMÁRIO MIRANDA",1,2614.9,871.633333333333,3
"427","MG","ODAIR CUNHA",1,1459.08,1459.08,1
"428","MG","ODELMO LEÃO",1,7694.23,213.728611111111,36
"429","MG","PATRUS ANANIAS",1,737.63,737.63,1
"430","MG","RODRIGO DE CASTRO",1,34684.69,642.309074074074,54
"431","MG","TENENTE LÚCIO",1,20808.76,743.17,28
"432","MG","TONINHO PINHEIRO",1,24311.19,552.527045454545,44
"433","MS","CARLOS MARUN",1,46817.26,836.0225,56
"434","MS","GERALDO RESENDE",1,27686.98,384.541388888889,72
"435","MT","EZEQUIEL FONSECA",1,2051.79,683.93,3
"436","MT","PROFESSOR VICTÓRIO GALLI",1,25524.75,500.485294117647,51
"437","PA","ARNALDO JORDY",1,36566.45,831.055681818182,44
"438","PA","BETO SALAME",1,45967.66,483.870105263158,95
"439","PA","FRANCISCO CHAPADINHA",1,16741.73,380.493863636364,44
"440","PA","JOSUÉ BENGTSON",1,17076.82,569.227333333333,30
"441","PB","AGUINALDO RIBEIRO",1,37616.66,648.563103448276,58
"442","PB","BENJAMIN MARANHÃO",1,10327.82,491.800952380952,21
"443","PB","DAMIÃO FELICIANO",1,45264.57,526.332209302326,86
"444","PB","MARCONDES GADELHA",1,6824.09,853.01125,8
"445","PB","PEDRO CUNHA LIMA",1,8160.08,510.005,16
"446","PB","WELLINGTON ROBERTO",1,32558.32,626.121538461538,52
"447","PB","WILSON FILHO",1,28104.45,484.559482758621,58
"448","PE","ADALBERTO CAVALCANTI",1,43469.63,388.121696428571,112
"449","PE","ANDERSON FERREIRA",1,14996.67,348.75976744186,43
"450","PE","BRUNO ARAÚJO",1,44392.43,482.526413043478,92
"451","PE","DANILO CABRAL",1,200,200,1
"452","PE","JORGE CÔRTE REAL",1,25360.07,497.256274509804,51
"453","PE","RICARDO TEOBALDO",1,22656.47,596.222894736842,38
"454","PE","ROBERTO TEIXEIRA",1,602.63,602.63,1
"455","PE","SEVERINO NINHO",1,1041.46,520.73,2
"456","PI","ASSIS CARVALHO",1,20985.48,839.4192,25
"457","PI","FLAVIO NOGUEIRA",1,18329.73,654.633214285714,28
"458","PI","IRACEMA PORTELLA",1,24227.34,621.213846153846,39
"459","PI","MARCELO CASTRO",1,5451.15,454.2625,12
"460","PR","DILCEU SPERAFICO",1,42519.49,531.493625,80
"461","PR","GIACOBO",1,27702.91,893.642258064516,31
"462","PR","LEOPOLDO MEYER",1,17494.56,485.96,36
"463","PR","LUIZ NISHIMORI",1,21034.54,447.543404255319,47
"464","PR","NELSON MEURER",1,23586.88,536.065454545455,44
"465","PR","PROFESSOR SÉRGIO DE OLIVEIRA",1,1042.98,347.66,3
"466","PR","RICARDO BARROS",1,50867.15,598.437058823529,85
"467","PR","RUBENS BUENO",1,65880.33,598.912090909091,110
"468","PR","SANDRO ALEX",1,22505.93,865.612692307692,26
"469","PR","ZECA DIRCEU",1,36693.83,573.34109375,64
"470","RJ","ALEXANDRE SERFIOTIS",1,22983.9,534.509302325581,43
"471","RJ","AROLDE DE OLIVEIRA",1,3166.84,1583.42,2
"472","RJ","CELSO JACOB",1,26744.04,461.104137931034,58
"473","RJ","CELSO PANSERA",1,11443.74,673.161176470588,17
"474","RJ","FABIANO HORTA",1,1962.13,981.065,2
"475","RJ","FRANCISCO FLORIANO",1,23538.88,588.472,40
"476","RJ","GLAUBER BRAGA",1,23893.3,555.658139534884,43
"477","RJ","LAURA CARNEIRO",1,16202.61,330.665510204082,49
"478","RJ","LUIZ CARLOS RAMOS",1,4546.78,568.3475,8
"479","RJ","MIRO TEIXEIRA",1,81120.43,1210.75268656716,67
"480","RJ","PAULO FEIJÓ",1,31260.45,428.225342465753,73
"481","RJ","PEDRO PAULO",1,4268.45,1067.1125,4
"482","RJ","RODRIGO MAIA",1,48187.03,845.38649122807,57
"483","RJ","SIMÃO SESSIM",1,17153.31,591.493448275862,29
"484","RJ","WALNEY ROCHA",1,7861.93,341.823043478261,23
"485","RN","ANTÔNIO JÁCOME",1,26465.28,508.947692307692,52
"486","RO","EXPEDITO NETTO",1,25507.3,447.49649122807,57
"487","RR","ABEL MESQUITA JR.",1,20911.93,615.056764705882,34
"488","RR","JHONATAN DE JESUS",1,25713.65,627.162195121951,41
"489","RR","MARIA HELENA",1,30464.42,1128.31185185185,27
"490","RS","CAJAR NARDES",1,1671.58,1671.58,1
"491","RS","MÁRCIO BIOLCHI",1,1719.54,1719.54,1
"492","RS","RENATO MOLLING",1,40157.27,658.315901639344,61
"493","SC","CESAR SOUZA",1,8224.97,548.331333333333,15
"494","SC","JORGE BOEIRA",1,17267.05,297.70775862069,58
"495","SE","FÁBIO MITIDIERI",1,13643.68,324.849523809524,42
"496","SE","JONY MARCOS",1,27400.37,449.186393442623,61
"497","SP","ANDRES SANCHEZ",1,31213.38,637.007755102041,49
"498","SP","ANTONIO BULHÕES",1,4933.46,352.39,14
"499","SP","ARNALDO FARIA DE SÁ",1,24059.86,1093.63,22
"500","SP","BETO MANSUR",1,22454.26,534.625238095238,42
"501","SP","CAPITÃO AUGUSTO",1,14979.99,365.365609756098,41
"502","SP","CARLOS ZARATTINI",1,24988.86,832.962,30
"503","SP","DUARTE NOGUEIRA",1,9797.43,890.675454545455,11
"504","SP","GOULART",1,21043.04,513.24487804878,41
"505","SP","MISSIONÁRIO JOSÉ OLIMPIO",1,21247.74,482.903181818182,44
"506","SP","NELSON MARQUEZELLI",1,24130.33,689.438,35
"507","SP","ORLANDO SILVA",1,27084.68,644.873333333333,42
"508","SP","RICARDO TRIPOLI",1,37564.84,782.600833333333,48
"509","SP","ROBERTO ALVES",1,19304.99,338.684035087719,57
"510","SP","ROBERTO DE LUCENA",1,8214.7,631.9,13
"511","SP","ROBERTO FREIRE",1,25753.89,1226.37571428571,21
"512","SP","SAMUEL MOREIRA",1,22379.05,678.15303030303,33
"513","SP","SÉRGIO REIS",1,32949.3,366.103333333333,90
"514","SP","VANDERLEI MACRIS",1,28154.24,469.237333333333,60
"515","SP","VICENTE CANDIDO",1,39570.56,899.330909090909,44
"516","TO","CARLOS HENRIQUE GAGUIM",1,5086.51,391.27,13
"517","TO","IRAJÁ ABREU",1,18227.08,759.461666666667,24
